{"cameraMode":{"drawMode":0,"name":"Shaded","section":"Shading Mode"},"sceneLighting":false,"audioPlay":false,"sceneViewState":{"showFog":true,"showMaterialUpdate":false,"showSkybox":false,"showFlares":true,"showImageEffects":true,"showParticleSystems":true},"in2DMode":false,"pivot":{"x":-90.99828338623047,"y":-1.9016456604003907,"z":6.8164825439453129},"rotation":{"x":0.07328461855649948,"y":-0.06365586072206497,"z":0.00468760821968317,"w":0.9952667951583862},"size":65.54501342773438,"orthographic":false}