{"cameraMode":{"drawMode":0,"name":"Shaded","section":"Shading Mode"},"sceneLighting":true,"audioPlay":false,"sceneViewState":{"showFog":true,"showMaterialUpdate":false,"showSkybox":true,"showFlares":true,"showImageEffects":true,"showParticleSystems":true},"in2DMode":false,"pivot":{"x":190.92178344726563,"y":266.705810546875,"z":91.79196166992188},"rotation":{"x":-0.22117601335048676,"y":-0.1687382310628891,"z":0.03888246417045593,"w":-0.9597370624542236},"size":621.320556640625,"orthographic":false}